{"cameraMode":{"drawMode":0,"name":"Shaded","section":"Shading Mode"},"sceneLighting":false,"audioPlay":false,"sceneViewState":{"m_AlwaysRefresh":false,"showFog":true,"showSkybox":false,"showFlares":true,"showImageEffects":true,"showParticleSystems":true,"showVisualEffectGraphs":true,"m_FxEnabled":true},"in2DMode":false,"pivot":{"x":4.877370834350586,"y":0.6404839158058167,"z":-7.177473545074463},"rotation":{"x":0.12928257882595063,"y":-0.8511343598365784,"z":0.4487759470939636,"w":0.23953494429588319},"size":0.44969436526298525,"orthographic":false}