{"cameraMode":{"drawMode":0,"name":"Shaded","section":"Shading Mode"},"sceneLighting":true,"audioPlay":false,"sceneViewState":{"m_AlwaysRefresh":false,"showFog":true,"showSkybox":true,"showFlares":true,"showImageEffects":true,"showParticleSystems":true,"showVisualEffectGraphs":true,"m_FxEnabled":true},"in2DMode":false,"pivot":{"x":7.943216800689697,"y":8.689363479614258,"z":-11.231563568115235},"rotation":{"x":0.22390878200531007,"y":-0.02340693585574627,"z":0.0026602516882121565,"w":0.9742512702941895},"size":0.21266138553619386,"orthographic":false}